{
"$schema":"http://json-schema.org/draft-07/schema#",
  "type": "object",
  "title": "CFPB schema",
  "additionalProperties": false,
  "properties": {
  "_index": {
	"type": "string"
	},
	"_type": {
      "type": ["string","null"]
    },
    "_id": {
		"description": "The unique identification number for a complaint",
      "type": ["string","null"]
	       
	},
    "_score": {
	"type": ["string","null"]
	},
    "_source": {
      "properties": {
        "company": {
		"description": "The complaint is about this company",
          "type": "string"
        },
        "company_public_response": {
		"description": "The company's optional, public-facing response to a consumer's complaint.",
          "type": "string"
        },
        "company_response": {
		"description": "This is how the company responded.",
          "type": "string"
        },
        "complaint_id": {
		"description": "The unique identification number for a complaint",
          "type": "string"
        },
        "complaint_what_happened": {
		"description": "Consumer complaint narrative is the consumer-submitted description of what happened from the complaint. ",
        "type": ["string","null"]
      
        },
        "consumer_consent_provided": {
		"description": "Identifies whether the consumer opted in to publish their complaint narrative. ",
          "type": "string"
        },
        "consumer_disputed": {
		"description": "Whether the consumer disputed the company’s response",
          "type": "string"
        },
        "date_received": {
		"description": "The date the CFPB received the complaint.",
		"format": "date-time",
         "type": "string"
        },
        "date_sent_to_company": {
		"description": "The date the CFPB sent the complaint to the company",
		"format": "date-time",
          "type": "string"
        },
        "issue": {
		"description": "The issue the consumer identified in the complaint",
          "type": "string"
        },
        "product": {
		"description": "The type of product the consumer identified in the complaint",
          "type": "string"
        },
        "state": {
          "type": "string"
        },
        "sub_issue": {
		"description": "The sub-issue the consumer identified in the complaint",
          "type": "string"
        },
        "sub_product": {
		"description": "The type of sub-product the consumer identified in the complaint",
          "type": "string"
        },
        "submitted_via": {
		"description": "How the complaint was submitted to the CFPB",
          "type": "string"
        },
        "tags": {
		"description": "Data that supports easier searching and sorting of complaints submitted by or on behalf of consumers.",
         "type": ["string","null"]
        },
        "timely": {
		"description": "Whether the company gave a timely response",
         "type": "string"
        },
        "zip_code": {
		"description": "The mailing ZIP code provided by the consumer",
         "type": "string"
        }
      },
      "required": [
        "product",
        "complaint_what_happened",
        "date_sent_to_company",
        "issue",
        "sub_product",
        "zip_code",
        "tags",
        "complaint_id",
        "timely",
        "consumer_consent_provided",
        "company_response",
        "submitted_via",
        "company",
        "date_received",
        "state",
        "consumer_disputed",
        "company_public_response",
        "sub_issue"
      ],
      "type": "object",
	  "additionalProperties": false
    },
    
    "sort": {
      "items": {
        "type": "number"
      },
      "type": "array"
    }
  },
  "required": [
    "_index",
    "_type",
    "_id",
    "_score",
    "_source",
    "sort"
  ]
}